"code","name","postal_code","population","code_department","code_city_community","code_canton"
"06004",Antibes,"06600,06160",73798,"06","240600585","0601,0602,0603,0694"
"06007",Auribeau-sur-Siagne,"06810",3245,"06","200039857","0613"
"06010",Le Bar-sur-Loup,"06620",2976,"06","240600585","0625"
"06011",Beaulieu-sur-Mer,"06310",3721,"06","200030195","0604"
"06012",Beausoleil,"06240",13884,"06","240600551","0604"
"06018",Biot,"06410",9804,"06","240600585","0603"
"06027",Cagnes-sur-Mer,"06800",49902,"06","200030195","0605,0606,0695"
"06029",Cannes,"06150,06400",74152,"06","200039915","0607,0608,0696"
"06030",Le Cannet,"06110",41612,"06","200039915","0609,0697"
"06032",Cap-d'Ail,"06320",4658,"06","200030195","0604"
"06033",Carros,"06510",11614,"06","200030195","0617"
"06038",Châteauneuf-Grasse,"06740",3364,"06","240600585","0625"
"06044",La Colle-sur-Loup,"06480",7866,"06","240600585","0627"
"06046",Colomars,"06670",3397,"06","200030195","0624"
"06048",Contes,"06390",7420,"06","240600593","0610"
"06054",Drap,"06340",4508,"06","240600593","0610"
"06057",L'Escarène,"06440",2507,"06","240600593","0610"
"06064",Gattières,"06510",4115,"06","200030195","0617"
"06065",La Gaude,"06610",6430,"06","200030195","0606"
"06069",Grasse,"06520,06130",50677,"06","200039857","0611,0612,0698"
"06075",Levens,"06670",4703,"06","200030195","0624"
"06079",Mandelieu-la-Napoule,"06210",22168,"06","200039915","0613"
"06083",Menton,"06500",28486,"06","240600551","0614"
"06084",Mouans-Sartoux,"06370",9668,"06","200039857","0612"
"06085",Mougins,"06250",19047,"06","200039915","0609"
"06088",Nice,"06300,06000,06100,06200",342637,"06","200030195","0615,0616,0617,0618,0619,0620,0621,0622,0623,0699"
"06090",Pégomas,"06580",7909,"06","200039857","0613"
"06095",Peymeinade,"06530",8119,"06","200039857","0611"
"06104",Roquebrune-Cap-Martin,"06190",12903,"06","240600551","0614"
"06105",Roquefort-les-Pins,"06330",6695,"06","240600585","0627"
"06108",La Roquette-sur-Siagne,"06550",5393,"06","200039857","0613"
"06112",Le Rouret,"06650",4010,"06","240600585","0625"
"06114",Saint-André-de-la-Roche,"06730",5340,"06","200030195","0621"
"06118",Saint-Cézaire-sur-Siagne,"06530",3913,"06","200039857","0611"
"06122",Saint-Jeannet,"06640",4099,"06","200030195","0626"
"06123",Saint-Laurent-du-Var,"06700",28645,"06","200030195","0606"
"06126",Saint-Martin-du-Var,"06670",2940,"06","200030195","0624"
"06128",Saint-Paul-de-Vence,"06570",3456,"06","240600585","0627"
"06130",Saint-Vallier-de-Thiey,"06460",3560,"06","200039857","0611"
"06136",Sospel,"06380",3815,"06","240600551","0610"
"06140",Le Tignet,"06530",3228,"06","200039857","0611"
"06147",Tourrette-Levens,"06690",4919,"06","200030195","0624"
"06148",Tourrettes-sur-Loup,"06140",3988,"06","240600585","0625"
"06149",La Trinité,"06340",10083,"06","200030195","0621"
"06150",La Turbie,"06320",3105,"06","240600551","0604"
"06152",Valbonne,"06560",13070,"06","240600585","0625"
"06155",Vallauris,"06220",26618,"06","240600585","0601"
"06157",Vence,"06140",18599,"06","200030195","0626"
"06159",Villefranche-sur-Mer,"06230",5098,"06","200030195","0604"
"06161",Villeneuve-Loubet,"06270",14672,"06","240600585","0627"
"13001",Aix-en-Provence,"13090,13100,13290,13080,13540,13122",143006,"13","200054807","1301,1302,1397"
"13002",Allauch,"13190",21228,"13","200054807","1303"
"13003",Alleins,"13980",2519,"13","200054807","1325"
"13004",Arles,"13104,13129,13200,13280,13123,13270",52857,"13","241300417","1304"
"13005",Aubagne,"13400,13470",45290,"13","200054807","1305"
"13007",Auriol,"13390,13112",11417,"13","200054807","1303"
"13010",Barbentane,"13570",4127,"13","200035087","1307"
"13014",Berre-l'Étang,"13130",13483,"13","200054807","1306"
"13015",Bouc-Bel-Air,"13320",14477,"13","200054807","1329"
"13016",La Bouilladisse,"13720",6135,"13","200054807","1303"
"13018",Cabannes,"13440",4439,"13","200035087","1307"
"13019",Cabriès,"13480",9708,"13","200054807","1329"
"13021",Carry-le-Rouet,"13620",5892,"13","200054807","1311"
"13022",Cassis,"13260",7162,"13","200054807","1308"
"13023",Ceyreste,"13600",4539,"13","200054807","1308"
"13024",Charleval,"13350",2715,"13","200054807","1325"
"13026",Châteauneuf-les-Martigues,"13220",16349,"13","200054807","1311"
"13027",Châteaurenard,"13160",15440,"13","200035087","1307"
"13028",La Ciotat,"13600",35366,"13","200054807","1308"
"13030",Cuges-les-Pins,"13780",5043,"13","200054807","1308"
"13031",La Destrousse,"13112",3442,"13","200054807","1303"
"13032",Éguilles,"13510",7764,"13","200054807","1325"
"13033",Ensuès-la-Redonne,"13820",5483,"13","200054807","1311"
"13035",Eyguières,"13430",7112,"13","200054807","1326"
"13036",Eyragues,"13630",4436,"13","200035087","1307"
"13037",La Fare-les-Oliviers,"13580",8287,"13","200054807","1306"
"13038",Fontvieille,"13990",3614,"13","241300375","1326"
"13039",Fos-sur-Mer,"13270",15608,"13","200054807","1310"
"13040",Fuveau,"13710",9971,"13","200054807","1328"
"13041",Gardanne,"13120",20407,"13","200054807","1309"
"13042",Gémenos,"13420",6452,"13","200054807","1308"
"13043",Gignac-la-Nerthe,"13180",9045,"13","200054807","1311"
"13044",Grans,"13450",4911,"13","200054807","1327"
"13045",Graveson,"13690",4874,"13","200035087","1307"
"13046",Gréasque,"13850",4217,"13","200054807","1303"
"13047",Istres,"13800,13118,13140,13128",42925,"13","200054807","1310"
"13048",Jouques,"13490",4403,"13","200054807","1328"
"13050",Lambesc,"13410",9657,"13","200054807","1325"
"13051",Lançon-Provence,"13680",8885,"13","200054807","1306"
"13052",Maillane,"13910",2540,"13","200035087","1307"
"13053",Mallemort,"13370",5948,"13","200054807","1325"
"13054",Marignane,"13700",33658,"13","200054807","1311"
"13055",Marseille,"13001,13002,13003,13004,13005,13006,13007,13008,13009,13010,13011,13012,13013,13014,13015,13016",862211,"13","200054807","1312,1313,1314,1315,1316,1317,1318,1319,1320,1321,1322,1323,1398"
"13056",Martigues,"13500,13117",48783,"13","200054807","1324"
"13059",Meyrargues,"13650",3751,"13","200054807","1328"
"13060",Meyreuil,"13590",5543,"13","200054807","1328"
"13062",Mimet,"13105",4617,"13","200054807","1309"
"13063",Miramas,"13140",25756,"13","200054807","1327"
"13064",Mollégès,"13940",2581,"13","200035087","1307"
"13065",Mouriès,"13890",3419,"13","241300375","1326"
"13066",Noves,"13550",5849,"13","200035087","1307"
"13067",Orgon,"13660",3037,"13","200035087","1326"
"13069",Pélissanne,"13330",10217,"13","200054807","1325"
"13070",La Penne-sur-Huveaune,"13821",6433,"13","200054807","1305"
"13071",Les Pennes-Mirabeau,"13170",21361,"13","200054807","1309"
"13072",Peynier,"13790",3405,"13","200054807","1328"
"13073",Peypin,"13124",5441,"13","200054807","1303"
"13074",Peyrolles-en-Provence,"13860",5041,"13","200054807","1328"
"13075",Plan-de-Cuques,"13380",10363,"13","200054807","1303"
"13076",Plan-d'Orgon,"13750",3429,"13","200035087","1307"
"13077",Port-de-Bouc,"13110",16682,"13","200054807","1324"
"13078",Port-Saint-Louis-du-Rhône,"13230",8519,"13","200054807","1304"
"13080",Le Puy-Sainte-Réparade,"13610",5637,"13","200054807","1328"
"13081",Rognac,"13340",12016,"13","200054807","1306"
"13082",Rognes,"13840",4765,"13","200054807","1325"
"13083",Rognonas,"13870",4073,"13","200035087","1307"
"13084",La Roque-d'Anthéron,"13640",5455,"13","200054807","1325"
"13085",Roquefort-la-Bédoule,"13830",5632,"13","200054807","1308"
"13086",Roquevaire,"13360",8962,"13","200054807","1305"
"13087",Rousset,"13790",4811,"13","200054807","1328"
"13088",Le Rove,"13740",5121,"13","200054807","1311"
"13089",Saint-Andiol,"13670",3204,"13","200035087","1307"
"13091",Saint-Cannat,"13760",5590,"13","200054807","1325"
"13092",Saint-Chamas,"13250",8418,"13","200054807","1306"
"13096",Saintes-Maries-de-la-Mer,"13460",2504,"13","241300417","1304"
"13097",Saint-Martin-de-Crau,"13310",13097,"13","241300417","1327"
"13098",Saint-Mitre-les-Remparts,"13920",5875,"13","200054807","1310"
"13100",Saint-Rémy-de-Provence,"13210",9612,"13","241300375","1326"
"13101",Saint-Savournin,"13119",3338,"13","200054807","1303"
"13102",Saint-Victoret,"13730",6587,"13","200054807","1329"
"13103",Salon-de-Provence,"13300",45574,"13","200054807","1326,1327,1399"
"13104",Sausset-les-Pins,"13960",7608,"13","200054807","1311"
"13105",Sénas,"13560",7005,"13","200054807","1326"
"13106",Septèmes-les-Vallons,"13240",10848,"13","200054807","1309"
"13107",Simiane-Collongue,"13109",5561,"13","200054807","1309"
"13108",Tarascon,"13150",15020,"13","241300417","1307"
"13110",Trets,"13530",10919,"13","200054807","1328"
"13112",Velaux,"13880",8783,"13","200054807","1306"
"13113",Venelles,"13770",8354,"13","200054807","1328"
"13114",Ventabren,"13122",5357,"13","200054807","1306"
"13117",Vitrolles,"13127",33880,"13","200054807","1329"
"13118",Coudoux,"13111",3698,"13","200054807","1306"
"13119",Carnoux-en-Provence,"13470",6546,"13","200054807","1308"
"59002",Abscon,"59215",4440,"59","200042190","5914"
"59005",Allennes-les-Marais,"59251",3462,"59","245901061","5902"
"59008",Aniche,"59580",10303,"59","245901152","5901"
"59009",Villeneuve-d'Ascq,"59650,59491,59493",62358,"59","245900410","5940"
"59011",Annœullin,"59112",10490,"59","245901061","5902"
"59012",Anor,"59186",3267,"59","200043404","5919"
"59014",Anzin,"59410",13426,"59","245901160","5903"
"59015",Arleux,"59151",3130,"59","200044618","5901"
"59017",Armentières,"59280",25015,"59","245900410","5904"
"59024",Auberchicourt,"59165",4405,"59","245901152","5901"
"59028",Auby,"59950",7285,"59","200044618","5931"
"59032",Aulnoy-lez-Valenciennes,"59300",7316,"59","245901160","5906"
"59033",Aulnoye-Aymeries,"59620",8856,"59","200043396","5905"
"59034",Avelin,"59710",2704,"59","200041960","5936"
"59036",Avesnes-sur-Helpe,"59440",4654,"59","200043263","5907"
"59037",Avesnes-les-Aubert,"59129",3634,"59","200030633","5911"
"59043",Bailleul,"59270",14467,"59","200040947","5908"
"59044",Baisieux,"59780",4750,"59","245900410","5936"
"59051",La Bassée,"59480",6421,"59","245900410","5902"
"59052",Bauvin,"59221",5230,"59","245901061","5902"
"59053",Bavay,"59570",3350,"59","200043321","5905"
"59067",Bergues,"59380",3729,"59","200040954","5912"
"59068",Berlaimont,"59145",3105,"59","200043396","5905"
"59079",Beuvrages,"59192",6660,"59","245901160","5903"
"59080",Beuvry-la-Forêt,"59310",2743,"59","200041960","5931"
"59090",Bondues,"59910",10046,"59","245900410","5924"
"59092",Bouchain,"59111",3998,"59","200042190","5914"
"59094",Bourbourg,"59630",7112,"59","245900428","5920"
"59098",Bousbecque,"59166",4833,"59","245900410","5922"
"59104",Boussois,"59168",3245,"59","200043396","5930"
"59107",Bray-Dunes,"59123",4541,"59","245900428","5917"
"59112",Bruay-sur-l'Escaut,"59860",11638,"59","245901160","5903"
"59122",Cambrai,"59400",32668,"59","200068500","5909"
"59131",Cappelle-la-Grande,"59180",7888,"59","245900428","5912"
"59136",Le Cateau-Cambrésis,"59360",6983,"59","200030633","5910"
"59139",Caudry,"59540",14493,"59","200030633","5911"
"59143",La Chapelle-d'Armentières,"59930",8432,"59","245900410","5904"
"59146",Chéreng,"59152",2989,"59","245900410","5936"
"59152",Comines,"59560",12369,"59","245900410","5922"
"59153",Condé-sur-l'Escaut,"59163",9680,"59","245901160","5929"
"59155",Coudekerque-Branche,"59210",21204,"59","245900428","5912"
"59156",Courchelettes,"59552",2804,"59","200044618","5915"
"59158",Coutiches,"59310",3001,"59","200041960","5931"
"59160",Crespin,"59154",4551,"59","245901160","5929"
"59163",Croix,"59170",21271,"59","245900410","5913"
"59165",Cuincy,"59553",6454,"59","200044618","5915"
"59168",Cysoing,"59830",5033,"59","200041960","5936"
"59170",Dechy,"59187",5307,"59","200044618","5901"
"59172",Denain,"59220",19714,"59","200042190","5914"
"59178",Douai,"59500",39657,"59","200044618","5915"
"59179",Douchy-les-Mines,"59282",10717,"59","200042190","5914"
"59183",Dunkerque,"59640,59140,59240,59430,59279",88108,"59","245900428","5916,5917,5996"
"59193",Emmerin,"59320",3174,"59","245900410","5918"
"59202",Erquinghem-Lys,"59193",5081,"59","245900410","5904"
"59205",Escaudain,"59124",9588,"59","200042190","5914"
"59206",Escaudœuvres,"59161",3277,"59","200068500","5909"
"59207",Escautpont,"59278",4211,"59","200042190","5903"
"59212",Estaires,"59940",6406,"59","245900758","5921"
"59220",Faches-Thumesnil,"59155",17591,"59","245900410","5918"
"59221",Famars,"59300",2505,"59","245901160","5906"
"59225",Feignies,"59750",6943,"59","200043396","5905"
"59227",Fenain,"59179",5323,"59","245901152","5935"
"59230",Ferrière-la-Grande,"59680",5311,"59","200043396","5930"
"59234",Flers-en-Escrebieux,"59128",5876,"59","200044618","5915"
"59239",Flines-lez-Raches,"59148",5544,"59","200044618","5931"
"59249",Fourmies,"59610",12119,"59","200043404","5919"
"59253",Fresnes-sur-Escaut,"59970",7601,"59","245901160","5903"
"59256",Fretin,"59273",3379,"59","245900410","5936"
"59258",Genech,"59242",2685,"59","200041960","5936"
"59260",Ghyvelde,"59122,59254",4192,"59","245900428","5917"
"59266",Gondecourt,"59147",4004,"59","200041960","5918"
"59268",La Gorgue,"59253",5673,"59","245900758","5921"
"59271",Grande-Synthe,"59760",23294,"59","245900428","5920"
"59272",Grand-Fort-Philippe,"59153",5081,"59","245900428","5920"
"59273",Gravelines,"59820",11461,"59","245900428","5920"
"59276",Guesnain,"59287",4651,"59","200044618","5901"
"59278",Hallennes-lez-Haubourdin,"59320",4249,"59","245900410","5928"
"59279",Halluin,"59250",20708,"59","245900410","5937"
"59284",Hasnon,"59178",3870,"59","200042190","5934"
"59285",Haspres,"59198",2757,"59","200042190","5906"
"59286",Haubourdin,"59320",14934,"59","245900410","5918"
"59291",Hautmont,"59330",14548,"59","200043396","5907"
"59292",Haveluy,"59255",3129,"59","200042190","5906"
"59295",Hazebrouck,"59190",21685,"59","200040947","5921"
"59299",Hem,"59510",18914,"59","245900410","5913"
"59301",Hergnies,"59199",4415,"59","245901160","5929"
"59302",Hérin,"59195",4052,"59","200042190","5906"
"59309",Hondschoote,"59122",4097,"59","200040954","5941"
"59314",Hornaing,"59171",3553,"59","245901152","5935"
"59316",Houplin-Ancoisne,"59263",3439,"59","245900410","5918"
"59317",Houplines,"59116",7840,"59","245900410","5904"
"59319",Hoymille,"59492",3224,"59","200040954","5941"
"59322",Iwuy,"59141",3336,"59","200068500","5911"
"59324",Jeumont,"59460",10185,"59","200043396","5930"
"59327",Lallaing,"59167",6164,"59","200044618","5935"
"59328",Lambersart,"59130",27618,"59","245900410","5922"
"59329",Lambres-lez-Douai,"59552",5152,"59","200044618","5915"
"59331",Landrecies,"59550",3491,"59","200043321","5907"
"59335",Lecelles,"59226",2791,"59","200042190","5934"
"59339",Leers,"59115",9546,"59","245900410","5933"
"59340",Leffrinckoucke,"59495",4277,"59","245900428","5917"
"59343",Lesquin,"59810",7912,"59","245900410","5936"
"59346",Lezennes,"59260",3143,"59","245900410","5926"
"59350",Lille,"59800,59000,59260,59777,59160",232440,"59","245900410","5923,5924,5925,5926,5927,5928,5997"
"59352",Linselles,"59126",8356,"59","245900410","5922"
"59359",Loon-Plage,"59279",6209,"59","245900428","5920"
"59360",Loos,"59120",22076,"59","245900410","5928"
"59361",Lourches,"59156",3942,"59","200042190","5914"
"59365",Louvroil,"59720",6558,"59","200043396","5930"
"59367",Lys-lez-Lannoy,"59390",13340,"59","245900410","5913"
"59368",La Madeleine,"59110",21253,"59","245900410","5923"
"59369",Maing,"59233",4074,"59","245901160","5906"
"59375",Marchiennes,"59870",4593,"59","245901152","5935"
"59378",Marcq-en-Barœul,"59700",38805,"59","245900410","5924"
"59383",Marly,"59770",11495,"59","245901160","5929"
"59385",Marpent,"59164",2758,"59","200043396","5930"
"59386",Marquette-lez-Lille,"59520",10424,"59","245900410","5923"
"59389",Masnières,"59241",2704,"59","200068500","5910"
"59390",Masny,"59176",4132,"59","245901152","5901"
"59392",Maubeuge,"59600",29679,"59","200043396","5930"
"59398",Mérignies,"59710",2998,"59","200041960","5936"
"59400",Merville,"59660",9842,"59","245900758","5921"
"59410",Mons-en-Barœul,"59370",20855,"59","245900410","5925"
"59414",Montigny-en-Ostrevent,"59182",4786,"59","245901152","5901"
"59416",Morbecque,"59190",2556,"59","200040947","5921"
"59421",Mouvaux,"59420",13326,"59","245900410","5924"
"59426",Neuville-en-Ferrain,"59960",10371,"59","245900410","5937"
"59428",Neuville-Saint-Rémy,"59554",3807,"59","200068500","5909"
"59429",Neuville-sur-Escaut,"59293",2701,"59","200042190","5914"
"59431",Nieppe,"59850",7449,"59","200040947","5908"
"59447",Onnaing,"59264",8782,"59","245901160","5903"
"59449",Orchies,"59310",8634,"59","200041960","5931"
"59452",Ostricourt,"59162",5375,"59","200041960","5902"
"59456",Pecquencourt,"59146",5973,"59","245901152","5935"
"59457",Pérenchies,"59840",8366,"59","245900410","5904"
"59459",Petite-Forêt,"59494",4894,"59","245901160","5906"
"59462",Phalempin,"59133",4757,"59","200041960","5902"
"59466",Pont-à-Marcq,"59710",2895,"59","200041960","5936"
"59467",Pont-sur-Sambre,"59138",2542,"59","200043396","5905"
"59476",Proville,"59267",3165,"59","200068500","5909"
"59477",Provin,"59185",4242,"59","245901061","5902"
"59479",Quarouble,"59243",3015,"59","245901160","5929"
"59481",Le Quesnoy,"59530",5014,"59","200043321","5907"
"59482",Quesnoy-sur-Deûle,"59890",6780,"59","245900410","5922"
"59484",Quiévrechain,"59920",6358,"59","245901160","5929"
"59486",Râches,"59194",2738,"59","200044618","5931"
"59489",Raimbeaucourt,"59283",4055,"59","200044618","5931"
"59491",Raismes,"59590,59278,59860,59135",12642,"59","200042190","5934"
"59504",Rœulx,"59172",3830,"59","200042190","5914"
"59507",Ronchin,"59790,59000",19074,"59","245900410","5926"
"59508",Roncq,"59223",13475,"59","245900410","5937"
"59509",Roost-Warendin,"59286",6191,"59","200044618","5931"
"59512",Roubaix,"59100",96412,"59","245900410","5932,5933,5998"
"59514",Rousies,"59131",4015,"59","200043396","5919"
"59523",Sainghin-en-Mélantois,"59262",2687,"59","245900410","5936"
"59524",Sainghin-en-Weppes,"59184",5640,"59","245900410","5902"
"59525",Sains-du-Nord,"59177",2939,"59","200043263","5919"
"59526",Saint-Amand-les-Eaux,"59230",16147,"59","200042190","5934"
"59527",Saint-André-lez-Lille,"59350",12293,"59","245900410","5923"
"59544",Saint-Saulve,"59880",11161,"59","245901160","5939"
"59550",Salomé,"59496",2969,"59","245900410","5902"
"59553",Santes,"59211",5768,"59","245900410","5928"
"59560",Seclin,"59113",12463,"59","245900410","5918"
"59564",La Sentinelle,"59174",3148,"59","200042190","5906"
"59566",Sequedin,"59320",4700,"59","245900410","5928"
"59569",Sin-le-Noble,"59450",15446,"59","200044618","5935"
"59571",Solesmes,"59730",4387,"59","245901038","5911"
"59574",Somain,"59490",12488,"59","245901152","5935"
"59580",Steenvoorde,"59114",4344,"59","200040947","5941"
"59581",Steenwerck,"59181",3624,"59","200040947","5908"
"59585",Templemars,"59175",3356,"59","245900410","5918"
"59586",Templeuve-en-Pévèle,"59242",5930,"59","200041960","5936"
"59588",Téteghem-Coudekerque-Village,"59229,59380",8113,"59","245900428","5912"
"59589",Thiant,"59224",2837,"59","200042190","5906"
"59592",Thumeries,"59239",3915,"59","200041960","5936"
"59598",Toufflers,"59390",3923,"59","245900410","5940"
"59599",Tourcoing,"59200",97476,"59","245900410","5937,5938,5999"
"59601",Trélon,"59132",2915,"59","200043404","5919"
"59603",Trith-Saint-Léger,"59125",6261,"59","200042190","5906"
"59606",Valenciennes,"59300",43680,"59","245901160","5939"
"59615",Vieux-Berquin,"59232",2512,"59","200040947","5908"
"59616",Vieux-Condé,"59690",10395,"59","245901160","5929"
"59630",Wahagnies,"59261",2606,"59","200041960","5902"
"59632",Wallers,"59135",5494,"59","200042190","5934"
"59636",Wambrechies,"59118",10539,"59","245900410","5923"
"59646",Wasquehal,"59290",20722,"59","245900410","5913"
"59647",Watten,"59143",2561,"59","200040954","5941"
"59648",Wattignies,"59139",14485,"59","245900410","5918"
"59650",Wattrelos,"59150",41341,"59","245900410","5933"
"59653",Wavrin,"59136",7628,"59","245900410","5902"
"59654",Waziers,"59119",7477,"59","200044618","5935"
"59656",Wervicq-Sud,"59117",5412,"59","245900410","5922"
"59659",Wignehies,"59212",2935,"59","200043404","5919"
"59660",Willems,"59780",3014,"59","245900410","5940"
"59663",Wormhout,"59470",5598,"59","200040954","5941"
"69003",Albigny-sur-Saône,"69250",2833,"69","200046977",
"69006",Amplepuis,"69550",5024,"69","200040566","6911"
"69007",Ampuis,"69420",2712,"69","200077014","6908"
"69009",Anse,"69480",7094,"69","200040574","6901"
"69010",L'Arbresle,"69210",6421,"69","246900625","6902"
"69013",Arnas,"69400",3686,"69","200040590","6907"
"69019",Belleville-en-Beaujolais,"69220",12776,"69","200067817","6903"
"69024",Val d'Oingt,"69620",3966,"69","200040574","6904"
"69027",Brignais,"69530",11265,"69","246900757","6905"
"69028",Brindas,"69126",6067,"69","246900724","6905"
"69029",Bron,"69500",41060,"69","200046977",
"69033",Cailloux-sur-Fontaines,"69270",2642,"69","200046977",
"69034",Caluire-et-Cuire,"69300",42915,"69","200046977",
"69040",Champagne-au-Mont-d'Or,"69410",5603,"69","200046977",
"69043",Chaponost,"69630",8577,"69","246900757","6905"
"69044",Charbonnières-les-Bains,"69260",5016,"69","200046977",
"69046",Charly,"69390",4529,"69","200046977",
"69049",Chasselay,"69380",2775,"69","200040574","6901"
"69052",Chazay-d'Azergues,"69380",4130,"69","200040574","6901"
"69063",Collonges-au-Mont-d'Or,"69660",4054,"69","200046977",
"69064",Condrieu,"69420",3877,"69","200077014","6908"
"69066",Cours,"69470",4519,"69","200040566","6911"
"69068",Couzon-au-Mont-d'Or,"69270",2559,"69","200046977",
"69069",Craponne,"69290",11158,"69","200046977",
"69072",Dardilly,"69570",8617,"69","200046977",
"69076",Dommartin,"69380",2580,"69","246900625","6901"
"69081",Écully,"69130",18097,"69","200046977",
"69087",Fontaines-Saint-Martin,"69270",3070,"69","200046977",
"69088",Fontaines-sur-Saône,"69270",7001,"69","200046977",
"69089",Francheville,"69340",14278,"69","200046977",
"69091",Givors,"69700",19312,"69","200046977",
"69092",Gleizé,"69400",7473,"69","200040590","6907"
"69094",Grézieu-la-Varenne,"69290",5629,"69","246900724","6905"
"69096",Grigny,"69520",9615,"69","200046977",
"69100",Irigny,"69540",8609,"69","200046977",
"69112",Lentilly,"69210",5450,"69","246900625","6901"
"69115",Limas,"69400",4754,"69","200040590","6907"
"69116",Limonest,"69760",3675,"69","200046977",
"69117",Lissieu,"69380",3116,"69","200046977",
"69118",Loire-sur-Rhône,"69700",2559,"69","200077014","6908"
"69121",Lozanne,"69380",2639,"69","200040574","6901"
"69123",Lyon,"69001,69002,69003,69004,69005,69006,69007,69008,69009",515695,"69","200046977",
"69127",Marcy-l'Étoile,"69280",3736,"69","200046977",
"69131",Messimy,"69510",3371,"69","246900724","6905"
"69133",Millery,"69390",4341,"69","246900757","6909"
"69136",Montagny,"69700",2892,"69","246900757","6909"
"69141",Mornant,"69440",5725,"69","246900740","6908"
"69142",La Mulatière,"69350",6320,"69","200046977",
"69143",Neuville-sur-Saône,"69250",7435,"69","200046977",
"69149",Oullins,"69600",26512,"69","200046977",
"69152",Pierre-Bénite,"69310",10493,"69","200046977",
"69154",Pollionnay,"69290",2512,"69","246900724","6912"
"69156",Pommiers,"69480",2605,"69","200040574","6901"
"69157",Vindry-sur-Turdine,"69490",5095,"69","200040566","6910"
"69159",Porte des Pierres Dorées,"69400,69640",3686,"69","200040574","6904"
"69163",Quincieux,"69650",3453,"69","200046977",
"69176",Soucieu-en-Jarrest,"69510",4473,"69","246900740","6908"
"69179",Beauvallon,"69700",3973,"69","246900740",
"69191",Saint-Cyr-au-Mont-d'Or,"69450",5545,"69","200046977",
"69194",Saint-Didier-au-Mont-d'Or,"69370",6650,"69","200046977",
"69199",Saint-Fons,"69190",18566,"69","200046977",
"69202",Sainte-Foy-lès-Lyon,"69110",21995,"69","200046977",
"69204",Saint-Genis-Laval,"69230",21545,"69","200046977",
"69205",Saint-Genis-les-Ollières,"69290",4879,"69","200046977",
"69206",Saint-Georges-de-Reneins,"69830",4363,"69","200067817","6907"
"69207",Saint-Germain-au-Mont-d'Or,"69650",3135,"69","200046977",
"69227",Saint-Martin-en-Haut,"69850",3886,"69","200066587","6912"
"69228",Chabanière,"69440",4174,"69","246900740","6908"
"69231",Saint-Pierre-la-Palud,"69210",2636,"69","246900625","6902"
"69238",Saint-Symphorien-sur-Coise,"69590",3654,"69","200066587","6912"
"69241",Taluyers,"69440",2530,"69","246900740","6909"
"69243",Tarare,"69170",10532,"69","200040566","6910"
"69244",Tassin-la-Demi-Lune,"69160",22356,"69","200046977",
"69248",Thizy-les-Bourgs,"69240",6036,"69","200040566","6911"
"69249",Thurins,"69510",3032,"69","246900724","6912"
"69250",La Tour-de-Salvagny,"69890",4061,"69","200046977",
"69255",Vaugneray,"69670",5571,"69","246900724","6912"
"69256",Vaulx-en-Velin,"69120",48497,"69","200046977",
"69259",Vénissieux,"69200",65405,"69","200046977",
"69260",Vernaison,"69390",4872,"69","200046977",
"69264",Villefranche-sur-Saône,"69400",37266,"69","200040590","6913"
"69266",Villeurbanne,"69100",149019,"69","200046977",
"69268",Vourles,"69390",3375,"69","246900757","6905"
"69270",Chaponnay,"69970",4212,"69","246900765","6909"
"69271",Chassieu,"69680",10234,"69","200046977",
"69272",Communay,"69360",4175,"69","246900765","6909"
"69273",Corbas,"69960",11209,"69","200046977",
"69275",Décines-Charpieu,"69150",27851,"69","200046977",
"69276",Feyzin,"69320",9879,"69","200046977",
"69277",Genas,"69740",12624,"69","246900575","6906"
"69278",Genay,"69730",5446,"69","200046977",
"69279",Jonage,"69330",5838,"69","200046977",
"69282",Meyzieu,"69330",32996,"69","200046977",
"69283",Mions,"69780",13244,"69","200046977",
"69284",Montanay,"69250",3087,"69","200046977",
"69285",Pusignan,"69330",4063,"69","246900575","6906"
"69286",Rillieux-la-Pape,"69140",29885,"69","200046977",
"69287",Saint-Bonnet-de-Mure,"69720",6827,"69","246900575","6906"
"69288",Saint-Laurent-de-Mure,"69720",5380,"69","246900575","6906"
"69289",Saint-Pierre-de-Chandieu,"69780",4521,"69","246900575","6906"
"69290",Saint-Priest,"69800",45844,"69","200046977",
"69291",Saint-Symphorien-d'Ozon,"69360,69320,69960",5706,"69","246900765","6909"
"69292",Sathonay-Camp,"69580",5926,"69","200046977",
"69294",Sérézin-du-Rhône,"69360",2626,"69","246900765","6909"
"69296",Solaize,"69360",2916,"69","200046977",
"69297",Ternay,"69360",5437,"69","246900765","6909"
"69298",Toussieu,"69780",2959,"69","246900575","6906"
"69299",Colombier-Saugnieu,"69124",2602,"69","246900575","6906"
"75056",Paris,"75001,75002,75003,75004,75005,75006,75007,75008,75009,75010,75011,75012,75013,75014,75015,75016,75017,75018,75019,75020",2190327,"75","200054781",
"76005",Amfreville-la-Mi-Voie,"76920",3222,"76","200023414","7606"
"76026",Arques-la-Bataille,"76880",2573,"76","247600786","7608"
"76034",Val-de-Scie,"76720,76850",2557,"76","200068534",
"76057",Barentin,"76360",12061,"76","247600646","7601"
"76095",Bihorel,"76420",8301,"76","200023414","7602"
"76101",Blangy-sur-Bresle,"76340",2965,"76","200069722","7610"
"76103",Bonsecours,"76240",6473,"76","200023414","7606"
"76108",Bois-Guillaume,"76230,76420",13562,"76","200023414","7602"
"76114",Bolbec,"76210",11449,"76","200010700","7603"
"76116",Boos,"76520",3754,"76","200023414","7621"
"76146",Buchy,"76750",2731,"76","200070449","7621"
"76157",Canteleu,"76380",14561,"76","200023414","7604"
"76159",Cany-Barville,"76450",3060,"76","200069839","7633"
"76164",Rives-en-Seine,"76490",4143,"76","200010700","7625"
"76165",Caudebec-lès-Elbeuf,"76320",10558,"76","200023414","7605"
"76178",Cléon,"76410",5046,"76","200023414","7605"
"76192",Criel-sur-Mer,"76910",2704,"76","247600588","7610"
"76196",Criquetot-l'Esneval,"76280",2568,"76","200084952","7626"
"76212",Darnétal,"76160",9634,"76","200023414","7606"
"76216",Déville-lès-Rouen,"76250",10345,"76","200023414","7622"
"76217",Dieppe,"76200,76370",29606,"76","247600786","7607,7608,7695"
"76219",Doudeville,"76560",2501,"76","200069847","7635"
"76222",Duclair,"76480",4198,"76","200023414","7601"
"76231",Elbeuf,"76500,27370,76410",16503,"76","200023414","7609"
"76238",Épouville,"76133",2718,"76","200084952","7626"
"76255",Eu,"76260",6995,"76","247600588","7610"
"76258",Terres-de-Caux,"76640",4109,"76","200010700","7633"
"76259",Fécamp,"76400",18900,"76","200069821","7611"
"76270",Fontaine-la-Mallet,"76290",2638,"76","200084952","7626"
"76276",Forges-les-Eaux,"76440",3804,"76","200069730","7612"
"76296",Gainneville,"76700",2592,"76","200084952","7616"
"76302",Goderville,"76110",2840,"76","247600505","7632"
"76305",Gonfreville-l'Orcher,"76700",9146,"76","200084952","7616"
"76312",Gournay-en-Bray,"76220",6183,"76","200069730","7612"
"76319",Grand-Couronne,"76530",9676,"76","200023414","7609"
"76322",Le Grand-Quevilly,"76120",25897,"76","200023414","7613"
"76329",Gruchet-le-Valasse,"76210",3153,"76","200010700","7603"
"76341",Harfleur,"76700",8409,"76","200084952","7615"
"76351",Le Havre,"76610,76600,76620",170352,"76","200084952","7614,7615,7616,7617,7618,7619,7696"
"76366",Le Houlme,"76770",4067,"76","200023414","7624"
"76367",Houppeville,"76770",2744,"76","200023414","7624"
"76377",Isneauville,"76230",2887,"76","200023414","7602"
"76384",Lillebonne,"76170",8927,"76","200010700","7603"
"76401",Arelaune-en-Seine,"76940",2606,"76","200010700","7625"
"76402",Malaunay,"76770",6093,"76","200023414","7624"
"76410",Maromme,"76150",10942,"76","200023414","7604"
"76429",Le Mesnil-Esnard,"76240",7978,"76","200023414","7621"
"76447",Montivilliers,"76290",15942,"76","200084952","7615"
"76451",Mont-Saint-Aignan,"76130",18944,"76","200023414","7622"
"76452",Montville,"76710",4857,"76","200070449","7602"
"76462",Neufchâtel-en-Bray,"76270",4722,"76","200070068","7623"
"76474",Notre-Dame-de-Bondeville,"76960,76130",7078,"76","200023414","7624"
"76475",Franqueville-Saint-Pierre,"76520",6156,"76","200023414","7621"
"76476",Port-Jérôme-sur-Seine,"76330,76170",9903,"76","200010700","7625"
"76481",Octeville-sur-Mer,"76930",5850,"76","200084952","7626"
"76482",Offranville,"76550",3036,"76","247600786","7607"
"76484",Oissel,"76350",11647,"76","200023414","7631"
"76495",Pavilly,"76570",6282,"76","247600646","7624"
"76497",Petit-Couronne,"76650",8684,"76","200023414","7613"
"76498",Le Petit-Quevilly,"76140",22134,"76","200023414","7627"
"76517",Quincampoix,"76230",2947,"76","200070449","7602"
"76540",Rouen,"76000,76100,76600",110117,"76","200023414","7628,7629,7630,7697"
"76552",Sainte-Adresse,"76310",7410,"76","200084952","7619"
"76561",Saint-Aubin-lès-Elbeuf,"76410",8178,"76","200023414","7605"
"76575",Saint-Étienne-du-Rouvray,"76800",28696,"76","200023414","7631,7698"
"76591",Saint-Jacques-sur-Darnétal,"76160",2710,"76","200023414","7606"
"76599",Saint-Léger-du-Bourg-Denis,"76160",3402,"76","200023414","7606"
"76618",Petit-Caux,"76370,76630,76910",9512,"76","247600729","7608"
"76624",Saint-Nicolas-d'Aliermont,"76510",3694,"76","247600729","7608"
"76640",Saint-Pierre-lès-Elbeuf,"76320",8226,"76","200023414","7605"
"76647",Saint-Romain-de-Colbosc,"76430",4093,"76","200084952","7632"
"76655",Saint-Valery-en-Caux,"76460",4105,"76","200069839","7633"
"76681",Sotteville-lès-Rouen,"76300",28991,"76","200023414","7634,7699"
"76705",Tourville-la-Rivière,"76410",2508,"76","200023414","7605"
"76709",Le Trait,"76580",5030,"76","200023414","7601"
"76711",Le Tréport,"76470",4895,"76","247600588","7610"
"76758",Yvetot,"76190",11888,"76","247600620","7635"
"77005",Annet-sur-Marne,"77410",3259,"77","200033090","7703"
"77014",Avon,"77210",14001,"77","200072346","7707"
"77018",Bailly-Romainvilliers,"77700",7564,"77","247700339","7721"
"77037",Bois-le-Roi,"77590",5786,"77","200072346","7714"
"77040",Boissise-le-Roi,"77310",3782,"77","247700057","7719"
"77042",Boissy-le-Châtel,"77169",3137,"77","200090504","7705"
"77048",Bourron-Marlotte,"77780",2766,"77","200072346","7707"
"77053",Brie-Comte-Robert,"77170",17200,"77","247700644","7704"
"77055",Brou-sur-Chantereine,"77177",4396,"77","200057958","7723"
"77058",Bussy-Saint-Georges,"77600",26971,"77","247700594","7722"
"77067",Cesson,"77240",10238,"77","200059228","7720"
"77079",Champagne-sur-Seine,"77430",6174,"77","247700032","7713"
"77083",Champs-sur-Marne,"77420",24780,"77","200057958","7701"
"77085",Chanteloup-en-Brie,"77600",3811,"77","247700594","7709"
"77096",Chartrettes,"77590",2565,"77","200072346","7714"
"77099",Château-Landon,"77570",2956,"77","200023919","7715"
"77100",Le Châtelet-en-Brie,"77820",4456,"77","200070779","7714"
"77107",Chaumes-en-Brie,"77390",3180,"77","200070779","7708"
"77108",Chelles,"77500",54196,"77","200057958","7702"
"77111",Chessy,"77700",5297,"77","247700339","7721"
"77114",Chevry-Cossigny,"77173",3969,"77","247700644","7716"
"77118",Claye-Souilly,"77410",12394,"77","200055655","7703"
"77121",Collégien,"77090",3412,"77","247700594","7722"
"77122",Combs-la-Ville,"77380",22212,"77","200059228","7704"
"77131",Coulommiers,"77120",14947,"77","200090504","7705"
"77132",Coupvray,"77700",2837,"77","247700339","7721"
"77139",Courtry,"77181",6580,"77","200057958","7723"
"77142",Crécy-la-Chapelle,"77580",4392,"77","200090504","7721"
"77143",Crégy-lès-Meaux,"77124",4726,"77","200072130","7703"
"77152",Dammarie-les-Lys,"77190",21891,"77","247700057","7719"
"77153",Dammartin-en-Goële,"77230",9644,"77","200055655","7712"
"77155",Dampmart,"77400",3372,"77","247700594","7709"
"77159",Donnemarie-Dontilly,"77520",2875,"77","200040251","7718"
"77169",Émerainville,"77184",7786,"77","200057958","7717"
"77171",Esbly,"77450",6206,"77","247700339","7721"
"77175",Évry-Grégy-sur-Yerre,"77166",2788,"77","200070779","7708"
"77176",Faremoutiers,"77515",2751,"77","200090504","7708"
"77181",Ferrières-en-Brie,"77164",3222,"77","247700594","7716"
"77182",La Ferté-Gaucher,"77320",4818,"77","200072544","7705"
"77183",La Ferté-sous-Jouarre,"77260",9651,"77","200090504","7706"
"77186",Fontainebleau,"77300",14907,"77","200072346","7707"
"77192",Fontenay-Trésigny,"77610",5470,"77","200072874","7708"
"77210",La Grande-Paroisse,"77130",2763,"77","247700107","7713"
"77215",Gretz-Armainvilliers,"77220",8743,"77","200023125","7716"
"77222",Guignes,"77390",3936,"77","200070779","7714"
"77226",Héricy,"77850",2603,"77","200072346","7707"
"77238",Jouarre,"77640",4275,"77","200090504","7706"
"77243",Lagny-sur-Marne,"77400",21264,"77","247700594","7709"
"77249",Lésigny,"77150",7270,"77","200023125","7716"
"77251",Lieusaint,"77127",13363,"77","200059228","7704"
"77257",Lizy-sur-Ourcq,"77440",3597,"77","247700065","7706"
"77258",Lognes,"77185",13999,"77","200057958","7701"
"77268",Magny-le-Hongre,"77700",8419,"77","247700339","7721"
"77276",Mareuil-lès-Meaux,"77100",2959,"77","200072130","7703"
"77284",Meaux,"77100",54331,"77","200072130","7710"
"77285",Le Mée-sur-Seine,"77350",20749,"77","247700057","7720"
"77288",Melun,"77000",40228,"77","247700057","7711"
"77294",Mitry-Mory,"77290",19911,"77","200055655","7712"
"77296",Moissy-Cramayel,"77550",17695,"77","200059228","7704"
"77305",Montereau-Fault-Yonne,"77130",19361,"77","247700107","7713"
"77307",Montévrain,"77144",10950,"77","247700594","7709"
"77312",Montigny-sur-Loing,"77690",2721,"77","247700032","7715"
"77315",Montry,"77450",3602,"77","247700339","7721"
"77316",Moret-Loing-et-Orvanne,"77250",12459,"77","247700032","7713"
"77317",Mormant,"77720",4797,"77","247700701","7714"
"77320",Mouroux,"77120",5413,"77","200090504","7705"
"77322",Moussy-le-Neuf,"77230",3052,"77","200055655","7712"
"77326",Nandy,"77176",5976,"77","200059228","7719"
"77327",Nangis,"77370",8652,"77","247700701","7714"
"77330",Nanteuil-lès-Meaux,"77100",6016,"77","200072130","7706"
"77333",Nemours,"77140",13172,"77","200023240","7715"
"77335",Chauconin-Neufmontiers,"77124",3157,"77","200072130","7703"
"77337",Noisiel,"77186",15495,"77","200057958","7701"
"77349",Othis,"77280",6702,"77","200055655","7712"
"77350",Ozoir-la-Ferrière,"77330",20196,"77","200023125","7716"
"77371",Pommeuse,"77515",2914,"77","200090504","7708"
"77372",Pomponne,"77400",3959,"77","247700594","7709"
"77373",Pontault-Combault,"77340",38326,"77","200057958","7717"
"77378",Pringy,"77310",2944,"77","247700057","7719"
"77379",Provins,"77160",11859,"77","200037133","7718"
"77382",Quincy-Voisins,"77860",5430,"77","200072130","7721"
"77389",La Rochette,"77000",3365,"77","247700057","7711"
"77390",Roissy-en-Brie,"77680",23104,"77","200057958","7717"
"77393",Rozay-en-Brie,"77540",2846,"77","200072874","7708"
"77407",Saint-Fargeau-Ponthierry,"77310",14386,"77","247700057","7719"
"77409",Saint-Germain-Laval,"77130",2790,"77","247700107","7713"
"77413",Saint-Germain-sur-Morin,"77860",3612,"77","247700339","7721"
"77419",Saint-Mammès,"77670",3309,"77","247700032","7713"
"77420",Saint-Mard,"77230",3838,"77","200055655","7712"
"77430",Saint-Pathus,"77178",6042,"77","200033090","7712"
"77431",Saint-Pierre-lès-Nemours,"77140",5466,"77","200023240","7715"
"77437",Saint-Soupplets,"77165",3252,"77","200072130","7703"
"77438",Saint-Thibault-des-Vignes,"77400",6457,"77","247700594","7709"
"77445",Savigny-le-Temple,"77176",30097,"77","200059228","7720"
"77449",Serris,"77700",8843,"77","247700339","7721"
"77450",Servon,"77170",3233,"77","247700644","7716"
"77458",Souppes-sur-Loing,"77460",5397,"77","200023919","7715"
"77463",Thomery,"77810",3493,"77","247700032","7713"
"77464",Thorigny-sur-Marne,"77400",9610,"77","247700594","7709"
"77468",Torcy,"77200",23215,"77","200057958","7722"
"77470",Tournan-en-Brie,"77220",8777,"77","200023125","7716"
"77475",Trilport,"77470",5005,"77","200072130","7706"
"77479",Vaires-sur-Marne,"77360",13580,"77","200057958","7723"
"77482",Varennes-sur-Seine,"77130",3429,"77","247700107","7713"
"77487",Vaux-le-Pénil,"77000",11049,"77","247700057","7711"
"77493",Verneuil-l'Étang,"77390",3226,"77","247700701","7714"
"77494",Vernou-la-Celle-sur-Seine,"77670",2684,"77","247700032","7713"
"77495",Vert-Saint-Denis,"77240",7490,"77","200059228","7720"
"77513",Villenoy,"77124",4697,"77","200072130","7703"
"77514",Villeparisis,"77270",26327,"77","200055655","7723"
"77533",Vulaines-sur-Seine,"77870",2711,"77","200072346","7707"
"92002",Antony,"92160",62210,"92","200054781","9201"
"92004",Asnières-sur-Seine,"92600",85973,"92","200054781","9202,9295"
"92007",Bagneux,"92220",39763,"92","200054781","9203"
"92009",Bois-Colombes,"92270",28323,"92","200054781","9211"
"92012",Boulogne-Billancourt,"92100,75016",119645,"92","200054781","9204,9205,9296"
"92014",Bourg-la-Reine,"92340",20531,"92","200054781","9203"
"92019",Châtenay-Malabry,"92290",33016,"92","200054781","9206"
"92020",Châtillon,"92320",36779,"92","200054781","9207"
"92022",Chaville,"92370",20322,"92","200054781","9217"
"92023",Clamart,"92140,92190",52528,"92","200054781","9208"
"92024",Clichy,"92110",60387,"92","200054781","9209"
"92025",Colombes,"92700",85368,"92","200054781","9210,9211,9297"
"92026",Courbevoie,"92400",81720,"92","200054781","9212,9213,9298"
"92032",Fontenay-aux-Roses,"92260",24117,"92","200054781","9207"
"92033",Garches,"92380",17663,"92","200054781","9223"
"92035",La Garenne-Colombes,"92250",29248,"92","200054781","9211"
"92036",Gennevilliers,"92230",46653,"92","200054781","9214"
"92040",Issy-les-Moulineaux,"92130,75015",68395,"92","200054781","9215"
"92044",Levallois-Perret,"92300",63462,"92","200054781","9216"
"92046",Malakoff,"92240",29973,"92","200054781","9218"
"92048",Meudon,"92360,92190",45328,"92","200054781","9217"
"92049",Montrouge,"92120",49128,"92","200054781","9218"
"92050",Nanterre,"92000",94258,"92","200054781","9219,9220,9299"
"92051",Neuilly-sur-Seine,"92200",60580,"92","200054781","9221"
"92060",Le Plessis-Robinson,"92350",29028,"92","200054781","9206"
"92062",Puteaux,"92800",44662,"92","200054781","9213"
"92063",Rueil-Malmaison,"92500",78195,"92","200054781","9222"
"92064",Saint-Cloud,"92210",30193,"92","200054781","9223"
"92071",Sceaux,"92330",19479,"92","200054781","9206"
"92072",Sèvres,"92310",23675,"92","200054781","9205"
"92073",Suresnes,"92150",48620,"92","200054781","9220"
"92075",Vanves,"92170",27846,"92","200054781","9208"
"92076",Vaucresson,"92420",8628,"92","200054781","9223"
"92077",Ville-d'Avray,"92410",11509,"92","200054781","9223"
"92078",Villeneuve-la-Garenne,"92390",24248,"92","200054781","9214"
"93001",Aubervilliers,"93300",86061,"93","200054781","9301"
"93005",Aulnay-sous-Bois,"93600",84662,"93","200054781","9302"
"93006",Bagnolet,"93170",35864,"93","200054781","9303"
"93007",Le Blanc-Mesnil,"93150",55987,"93","200054781","9304"
"93008",Bobigny,"93000",52337,"93","200054781","9305,9395"
"93010",Bondy,"93140",53193,"93","200054781","9306"
"93013",Le Bourget,"93350",16484,"93","200054781","9307"
"93014",Clichy-sous-Bois,"93390",29835,"93","200054781","9311"
"93015",Coubron,"93470",4812,"93","200054781","9320"
"93027",La Courneuve,"93120",42485,"93","200054781","9307"
"93029",Drancy,"93700",70269,"93","200054781","9308,9396"
"93030",Dugny,"93440",10659,"93","200054781","9307"
"93031",Épinay-sur-Seine,"93800",55593,"93","200054781","9309,9397"
"93032",Gagny,"93220",39148,"93","200054781","9310"
"93033",Gournay-sur-Marne,"93460",6861,"93","200054781","9314"
"93039",L'Île-Saint-Denis,"93450",7786,"93","200054781","9318"
"93045",Les Lilas,"93260",22993,"93","200054781","9303"
"93046",Livry-Gargan,"93190",44466,"93","200054781","9311"
"93047",Montfermeil,"93370",26085,"93","200054781","9320"
"93048",Montreuil,"93100",108402,"93","200054781","9312,9313,9398"
"93049",Neuilly-Plaisance,"93360",21177,"93","200054781","9321"
"93050",Neuilly-sur-Marne,"93330",34685,"93","200054781","9310"
"93051",Noisy-le-Grand,"93160",66659,"93","200054781","9314"
"93053",Noisy-le-Sec,"93130",43537,"93","200054781","9305"
"93055",Pantin,"93500",55342,"93","200054781","9315"
"93057",Les Pavillons-sous-Bois,"93320",23695,"93","200054781","9306"
"93059",Pierrefitte-sur-Seine,"93380",29608,"93","200054781","9309"
"93061",Le Pré-Saint-Gervais,"93310",17780,"93","200054781","9315"
"93062",Le Raincy,"93340",14501,"93","200054781","9321"
"93063",Romainville,"93230",26510,"93","200054781","9303"
"93064",Rosny-sous-Bois,"93110",45411,"93","200054781","9312"
"93066",Saint-Denis,"93200,93210",111354,"93","200054781","9316,9317,9399"
"93070",Saint-Ouen,"93400",49664,"93","200054781","9318"
"93071",Sevran,"93270",50629,"93","200054781","9319"
"93072",Stains,"93240",39618,"93","200054781","9317"
"93073",Tremblay-en-France,"93290",35691,"93","200054781","9320"
"93074",Vaujours,"93410",6969,"93","200054781","9320"
"93077",Villemomble,"93250",30051,"93","200054781","9321"
"93078",Villepinte,"93420",36656,"93","200054781","9319"
"93079",Villetaneuse,"93430",13141,"93","200054781","9309"
"94001",Ablon-sur-Seine,"94480",5785,"94","200054781","9415"
"94002",Alfortville,"94140",43886,"94","200054781","9401"
"94003",Arcueil,"94110",21567,"94","200054781","9402"
"94004",Boissy-Saint-Léger,"94470",15812,"94","200054781","9416"
"94011",Bonneuil-sur-Marne,"94380",17452,"94","200054781","9418"
"94015",Bry-sur-Marne,"94360",16717,"94","200054781","9422"
"94016",Cachan,"94230",30208,"94","200054781","9402"
"94017",Champigny-sur-Marne,"94500",77409,"94","200054781","9403,9404,9493"
"94018",Charenton-le-Pont,"94220",30500,"94","200054781","9405"
"94019",Chennevières-sur-Marne,"94430",18396,"94","200054781","9404"
"94021",Chevilly-Larue,"94550",19347,"94","200054781","9419"
"94022",Choisy-le-Roi,"94600",44450,"94","200054781","9406"
"94028",Créteil,"94000",89392,"94","200054781","9407,9408,9494"
"94033",Fontenay-sous-Bois,"94120",53424,"94","200054781","9409"
"94034",Fresnes,"94260",27416,"94","200054781","9410"
"94037",Gentilly,"94250",17442,"94","200054781","9412"
"94038",L'Haÿ-les-Roses,"94240",31189,"94","200054781","9410"
"94041",Ivry-sur-Seine,"94200",60771,"94","200054781","9411"
"94042",Joinville-le-Pont,"94340",18824,"94","200054781","9405"
"94043",Le Kremlin-Bicêtre,"94270",25292,"94","200054781","9412"
"94044",Limeil-Brévannes,"94450",26703,"94","200054781","9421"
"94046",Maisons-Alfort,"94700",55289,"94","200054781","9413"
"94047",Mandres-les-Roses,"94520",4703,"94","200054781","9416"
"94048",Marolles-en-Brie,"94440",4856,"94","200054781","9416"
"94052",Nogent-sur-Marne,"94130",31947,"94","200054781","9414,9495"
"94053",Noiseau,"94880",4680,"94","200054781","9416"
"94054",Orly,"94310",23378,"94","200054781","9415"
"94055",Ormesson-sur-Marne,"94490",10287,"94","200054781","9418"
"94056",Périgny,"94520",2662,"94","200054781","9416"
"94058",Le Perreux-sur-Marne,"94170",33729,"94","200054781","9414"
"94059",Le Plessis-Trévise,"94420",20279,"94","200054781","9422"
"94060",La Queue-en-Brie,"94510",11835,"94","200054781","9416"
"94065",Rungis,"94150",5610,"94","200054781","9419"
"94067",Saint-Mandé,"94160",22731,"94","200054781","9423"
"94068",Saint-Maur-des-Fossés,"94100,94210,94340",74893,"94","200054781","9417,9418,9496"
"94069",Saint-Maurice,"94410",14312,"94","200054781","9405"
"94070",Santeny,"94440",3708,"94","200054781","9416"
"94071",Sucy-en-Brie,"94370",26279,"94","200054781","9418"
"94073",Thiais,"94320",29006,"94","200054781","9419"
"94074",Valenton,"94460",14858,"94","200054781","9421"
"94075",Villecresnes,"94440",9828,"94","200054781","9416"
"94076",Villejuif,"94800",55478,"94","200054781","9420"
"94077",Villeneuve-le-Roi,"94290",21021,"94","200054781","9415"
"94078",Villeneuve-Saint-Georges,"94190",32966,"94","200054781","9421,9497"
"94079",Villiers-sur-Marne,"94350",29226,"94","200054781","9422"
"94080",Vincennes,"94300",49853,"94","200054781","9423,9498"
"94081",Vitry-sur-Seine,"94400",92755,"94","200054781","9424,9425,9499"
