AF;e3ef6700-906e-11eb-a875-0242ac150002;943e2b28-872a-11eb-9419-42010a840019
ES;e3ef84ed-906e-11eb-a875-0242ac150002;943fb07b-872a-11eb-9419-42010a840019
ES;e3ef84ed-906e-11eb-a875-0242ac150002;943fb07b-872a-11eb-9419-42010a840019
FR;e3ef8883-906e-11eb-a875-0242ac150002;943fb3ac-872a-11eb-9419-42010a840019
CIRCO_FDE-06;e3efac36-906e-11eb-a875-0242ac150002;943fda85-872a-11eb-9419-42010a840019
CH;e3efcea1-906e-11eb-a875-0242ac150002;943ffff9-872a-11eb-9419-42010a840019
11;e3efe139-906e-11eb-a875-0242ac150002;9440131e-872a-11eb-9419-42010a840019
75;e3efe563-906e-11eb-a875-0242ac150002;944057ca-872a-11eb-9419-42010a840019
75;e3efe563-906e-11eb-a875-0242ac150002;944057ca-872a-11eb-9419-42010a840019
77;e3efe5c5-906e-11eb-a875-0242ac150002;94405a9c-872a-11eb-9419-42010a840019
77;e3efe5c5-906e-11eb-a875-0242ac150002;94405a9c-872a-11eb-9419-42010a840019
77;e3efe5c5-906e-11eb-a875-0242ac150002;94405a9c-872a-11eb-9419-42010a840019
77;e3efe5c5-906e-11eb-a875-0242ac150002;94405a9c-872a-11eb-9419-42010a840019
77;e3efe5c5-906e-11eb-a875-0242ac150002;94405a9c-872a-11eb-9419-42010a840019
92;e3efe6fd-906e-11eb-a875-0242ac150002;944062a9-872a-11eb-9419-42010a840019
92;e3efe6fd-906e-11eb-a875-0242ac150002;944062a9-872a-11eb-9419-42010a840019
92;e3efe6fd-906e-11eb-a875-0242ac150002;944062a9-872a-11eb-9419-42010a840019
92;e3efe6fd-906e-11eb-a875-0242ac150002;944062a9-872a-11eb-9419-42010a840019
92;e3efe6fd-906e-11eb-a875-0242ac150002;944062a9-872a-11eb-9419-42010a840019
92;e3efe6fd-906e-11eb-a875-0242ac150002;944062a9-872a-11eb-9419-42010a840019
92;e3efe6fd-906e-11eb-a875-0242ac150002;944062a9-872a-11eb-9419-42010a840019
92;e3efe6fd-906e-11eb-a875-0242ac150002;944062a9-872a-11eb-9419-42010a840019
92;e3efe6fd-906e-11eb-a875-0242ac150002;944062a9-872a-11eb-9419-42010a840019
92;e3efe6fd-906e-11eb-a875-0242ac150002;944062a9-872a-11eb-9419-42010a840019
94;e3efe7bf-906e-11eb-a875-0242ac150002;9440643f-872a-11eb-9419-42010a840019
76;e3efef5d-906e-11eb-a875-0242ac150002;94405a38-872a-11eb-9419-42010a840019
59;e3eff020-906e-11eb-a875-0242ac150002;9440518c-872a-11eb-9419-42010a840019
59;e3eff020-906e-11eb-a875-0242ac150002;9440518c-872a-11eb-9419-42010a840019
13;e3f01553-906e-11eb-a875-0242ac150002;94403ac2-872a-11eb-9419-42010a840019
75-1;e3f0bf9d-906e-11eb-a875-0242ac150002;94415793-872a-11eb-9419-42010a840019
75-1;e3f0bf9d-906e-11eb-a875-0242ac150002;94415793-872a-11eb-9419-42010a840019
75-1;e3f0bf9d-906e-11eb-a875-0242ac150002;94415793-872a-11eb-9419-42010a840019
75-1;e3f0bf9d-906e-11eb-a875-0242ac150002;94415793-872a-11eb-9419-42010a840019
75-2;e3f0bfff-906e-11eb-a875-0242ac150002;944157f5-872a-11eb-9419-42010a840019
92-11;e3f0ebd6-906e-11eb-a875-0242ac150002;94418bb1-872a-11eb-9419-42010a840019
7723;e3f15390-906e-11eb-a875-0242ac150002;94459aa3-872a-11eb-9419-42010a840019
9203;e3f154b1-906e-11eb-a875-0242ac150002;94463aee-872a-11eb-9419-42010a840019
200040954;e3f17cac-906e-11eb-a875-0242ac150002;94966e3d-872a-11eb-9419-42010a840019
200043321;e3f17e32-906e-11eb-a875-0242ac150002;94966a68-872a-11eb-9419-42010a840019
200055655;e3f180d7-906e-11eb-a875-0242ac150002;94970e20-872a-11eb-9419-42010a840019
200057958;e3f18139-906e-11eb-a875-0242ac150002;94970c96-872a-11eb-9419-42010a840019
200059228;e3f1828a-906e-11eb-a875-0242ac150002;94970d5a-872a-11eb-9419-42010a840019
200072130;e3f187e7-906e-11eb-a875-0242ac150002;94970ab1-872a-11eb-9419-42010a840019
200072346;e3f18848-906e-11eb-a875-0242ac150002;9497061e-872a-11eb-9419-42010a840019
200090504;e3f18a2c-906e-11eb-a875-0242ac150002;9497067f-872a-11eb-9419-42010a840019
245901038;e3f18d97-906e-11eb-a875-0242ac150002;94966e9d-872a-11eb-9419-42010a840019
247600505;e3f19169-906e-11eb-a875-0242ac150002;94970317-872a-11eb-9419-42010a840019
247700065;e3f197ca-906e-11eb-a875-0242ac150002;94970805-872a-11eb-9419-42010a840019
06004;e3f19d3c-906e-11eb-a875-0242ac150002;944aa68b-872a-11eb-9419-42010a840019
06088;e3f1a8e8-906e-11eb-a875-0242ac150002;944ac8ee-872a-11eb-9419-42010a840019
13080;e3f1cb08-906e-11eb-a875-0242ac150002;94500a09-872a-11eb-9419-42010a840019
13098;e3f1e343-906e-11eb-a875-0242ac150002;94501105-872a-11eb-9419-42010a840019
59350;e3f21338-906e-11eb-a875-0242ac150002;9477b1d8-872a-11eb-9419-42010a840019
59350;e3f21338-906e-11eb-a875-0242ac150002;9477b1d8-872a-11eb-9419-42010a840019
59350;e3f21338-906e-11eb-a875-0242ac150002;9477b1d8-872a-11eb-9419-42010a840019
59350;e3f21338-906e-11eb-a875-0242ac150002;9477b1d8-872a-11eb-9419-42010a840019
75056;e3f274b8-906e-11eb-a875-0242ac150002;94869992-872a-11eb-9419-42010a840019
76495;e3f28b24-906e-11eb-a875-0242ac150002;94878f83-872a-11eb-9419-42010a840019
77079;e3f29811-906e-11eb-a875-0242ac150002;94884d7a-872a-11eb-9419-42010a840019
77210;e3f2a3e7-906e-11eb-a875-0242ac150002;948886c7-872a-11eb-9419-42010a840019
77430;e3f2b860-906e-11eb-a875-0242ac150002;9488f5dd-872a-11eb-9419-42010a840019
77514;e3f2c010-906e-11eb-a875-0242ac150002;94891a56-872a-11eb-9419-42010a840019
92024;e3f2c4a0-906e-11eb-a875-0242ac150002;94938c58-872a-11eb-9419-42010a840019
92032;e3f2c5ec-906e-11eb-a875-0242ac150002;94938d80-872a-11eb-9419-42010a840019
92060;e3f2cb17-906e-11eb-a875-0242ac150002;949393bc-872a-11eb-9419-42010a840019
CONS_030-1;e3f33a66-906e-11eb-a875-0242ac150002;94989c6b-872a-11eb-9419-42010a840019
CONS_030-2;e3f33ac7-906e-11eb-a875-0242ac150002;94989cd0-872a-11eb-9419-42010a840019
